Route_start|Route_end|Reference_time|Interval(days)|Area_size|Duration(s)|Number_of_records
Union Sq, NYC, USA|Times Sq, NYC, USA|2013-02-15 00:00:00|30|0.1|0.688321113586|50
Union Sq, NYC, USA|Times Sq, NYC, USA|2013-04-01 00:00:00|30|0.1|0.381350040436|52
Union Sq, NYC, USA|Times Sq, NYC, USA|2013-06-15 00:00:00|30|0.1|0.658950090408|44
Union Sq, NYC, USA|Times Sq, NYC, USA|2013-08-01 00:00:00|30|0.1|0.331601858139|38
Union Sq, NYC, USA|Times Sq, NYC, USA|2013-10-15 00:00:00|30|0.1|0.673372983932|40
Union Sq, NYC, USA|Times Sq, NYC, USA|2013-12-01 00:00:00|30|0.1|0.674180030823|30
Times Sq, NYC, USA|Union Sq, NYC, USA|2013-02-15 00:00:00|30|0.1|0.704664945602|57
Times Sq, NYC, USA|Union Sq, NYC, USA|2013-04-01 00:00:00|30|0.1|0.405089139938|62
Times Sq, NYC, USA|Union Sq, NYC, USA|2013-06-15 00:00:00|30|0.1|0.658694028854|40
Times Sq, NYC, USA|Union Sq, NYC, USA|2013-08-01 00:00:00|30|0.1|0.333046197891|41
Times Sq, NYC, USA|Union Sq, NYC, USA|2013-10-15 00:00:00|30|0.1|0.675421953201|40
Times Sq, NYC, USA|Union Sq, NYC, USA|2013-12-01 00:00:00|30|0.1|0.670158863068|34
Grand Central, NYC, USA|Times Sq, NYC, USA|2013-02-15 00:00:00|30|0.1|0.633495092392|287
Grand Central, NYC, USA|Times Sq, NYC, USA|2013-04-01 00:00:00|30|0.1|0.384493112564|266
Grand Central, NYC, USA|Times Sq, NYC, USA|2013-06-15 00:00:00|30|0.1|0.578722000122|219
Grand Central, NYC, USA|Times Sq, NYC, USA|2013-08-01 00:00:00|30|0.1|0.361433982849|260
Grand Central, NYC, USA|Times Sq, NYC, USA|2013-10-15 00:00:00|30|0.1|0.595445871353|198
Grand Central, NYC, USA|Times Sq, NYC, USA|2013-12-01 00:00:00|30|0.1|0.629716873169|254
Grand Central, NYC, USA|Union Sq, NYC, USA|2013-02-15 00:00:00|30|0.1|0.57540512085|83
Grand Central, NYC, USA|Union Sq, NYC, USA|2013-04-01 00:00:00|30|0.1|0.309062004089|73
Grand Central, NYC, USA|Union Sq, NYC, USA|2013-06-15 00:00:00|30|0.1|0.519372940063|49
Grand Central, NYC, USA|Union Sq, NYC, USA|2013-08-01 00:00:00|30|0.1|0.28937292099|73
Grand Central, NYC, USA|Union Sq, NYC, USA|2013-10-15 00:00:00|30|0.1|0.539139032364|61
Grand Central, NYC, USA|Union Sq, NYC, USA|2013-12-01 00:00:00|30|0.1|0.550989151001|79
Union Sq, NYC, USA|Grand Central, NYC, USA|2013-02-15 00:00:00|30|0.1|0.691442966461|42
Union Sq, NYC, USA|Grand Central, NYC, USA|2013-04-01 00:00:00|30|0.1|0.38306593895|48
Union Sq, NYC, USA|Grand Central, NYC, USA|2013-06-15 00:00:00|30|0.1|0.657481908798|44
Union Sq, NYC, USA|Grand Central, NYC, USA|2013-08-01 00:00:00|30|0.1|0.337306022644|44
Union Sq, NYC, USA|Grand Central, NYC, USA|2013-10-15 00:00:00|30|0.1|0.675068855286|29
Union Sq, NYC, USA|Grand Central, NYC, USA|2013-12-01 00:00:00|30|0.1|0.679089069366|33
Times Sq, NYC, USA|Grand Central, NYC, USA|2013-02-15 00:00:00|30|0.1|0.759912967682|233
Times Sq, NYC, USA|Grand Central, NYC, USA|2013-04-01 00:00:00|30|0.1|0.449246883392|186
Times Sq, NYC, USA|Grand Central, NYC, USA|2013-06-15 00:00:00|30|0.1|0.711714029312|200
Times Sq, NYC, USA|Grand Central, NYC, USA|2013-08-01 00:00:00|30|0.1|0.409864902496|230
Times Sq, NYC, USA|Grand Central, NYC, USA|2013-10-15 00:00:00|30|0.1|0.715820074081|168
Times Sq, NYC, USA|Grand Central, NYC, USA|2013-12-01 00:00:00|30|0.1|0.738356113434|190
Grand Central, NYC, USA|Columbia University, NYC, USA|2013-02-15 00:00:00|30|0.1|0.510713100433|0
Grand Central, NYC, USA|Columbia University, NYC, USA|2013-04-01 00:00:00|30|0.1|0.284739017487|1
Grand Central, NYC, USA|Columbia University, NYC, USA|2013-06-15 00:00:00|30|0.1|0.498470067978|1
Grand Central, NYC, USA|Columbia University, NYC, USA|2013-08-01 00:00:00|30|0.1|0.244816064835|0
Grand Central, NYC, USA|Columbia University, NYC, USA|2013-10-15 00:00:00|30|0.1|0.513520956039|1
Grand Central, NYC, USA|Columbia University, NYC, USA|2013-12-01 00:00:00|30|0.1|0.521779060364|1
Columbia University, NYC, USA|Grand Central, NYC, USA|2013-02-15 00:00:00|30|0.1|0.488895177841|0
Columbia University, NYC, USA|Grand Central, NYC, USA|2013-04-01 00:00:00|30|0.1|0.257894992828|0
Columbia University, NYC, USA|Grand Central, NYC, USA|2013-06-15 00:00:00|30|0.1|0.465440034866|0
Columbia University, NYC, USA|Grand Central, NYC, USA|2013-08-01 00:00:00|30|0.1|0.249394893646|0
Columbia University, NYC, USA|Grand Central, NYC, USA|2013-10-15 00:00:00|30|0.1|0.472762823105|0
Columbia University, NYC, USA|Grand Central, NYC, USA|2013-12-01 00:00:00|30|0.1|0.484822034836|0
Union Sq, NYC, USA|11 Wall street, NYC, USA|2013-02-15 00:00:00|30|0.1|0.697365045547|5
Union Sq, NYC, USA|11 Wall street, NYC, USA|2013-04-01 00:00:00|30|0.1|0.400370121002|11
Union Sq, NYC, USA|11 Wall street, NYC, USA|2013-06-15 00:00:00|30|0.1|0.693893909454|10
Union Sq, NYC, USA|11 Wall street, NYC, USA|2013-08-01 00:00:00|30|0.1|0.351181983948|12
Union Sq, NYC, USA|11 Wall street, NYC, USA|2013-10-15 00:00:00|30|0.1|0.684531927109|9
Union Sq, NYC, USA|11 Wall street, NYC, USA|2013-12-01 00:00:00|30|0.1|0.684291124344|7
Times Sq, NYC, USA|11 Wall street, NYC, USA|2013-02-15 00:00:00|30|0.1|0.717597007751|13
Times Sq, NYC, USA|11 Wall street, NYC, USA|2013-04-01 00:00:00|30|0.1|0.402276039124|12
Times Sq, NYC, USA|11 Wall street, NYC, USA|2013-06-15 00:00:00|30|0.1|0.682929992676|12
Times Sq, NYC, USA|11 Wall street, NYC, USA|2013-08-01 00:00:00|30|0.1|0.342147827148|15
Times Sq, NYC, USA|11 Wall street, NYC, USA|2013-10-15 00:00:00|30|0.1|0.663814067841|14
Times Sq, NYC, USA|11 Wall street, NYC, USA|2013-12-01 00:00:00|30|0.1|0.686857938766|6
Metropolitan Museum, 5th Avenue, New York, NYC, USA|Union Sq, NYC, USA|2013-02-15 00:00:00|30|0.1|0.332775831223|5
Metropolitan Museum, 5th Avenue, New York, NYC, USA|Union Sq, NYC, USA|2013-04-01 00:00:00|30|0.1|0.193359851837|5
Metropolitan Museum, 5th Avenue, New York, NYC, USA|Union Sq, NYC, USA|2013-06-15 00:00:00|30|0.1|0.341813087463|6
Metropolitan Museum, 5th Avenue, New York, NYC, USA|Union Sq, NYC, USA|2013-08-01 00:00:00|30|0.1|0.164935112|6
Metropolitan Museum, 5th Avenue, New York, NYC, USA|Union Sq, NYC, USA|2013-10-15 00:00:00|30|0.1|0.341487884521|4
Metropolitan Museum, 5th Avenue, New York, NYC, USA|Union Sq, NYC, USA|2013-12-01 00:00:00|30|0.1|0.326205968857|6
Union Sq, NYC, USA|Metropolitan Museum, 5th Avenue, New York, NYC, USA|2013-02-15 00:00:00|30|0.1|0.674316167831|0
Union Sq, NYC, USA|Metropolitan Museum, 5th Avenue, New York, NYC, USA|2013-04-01 00:00:00|30|0.1|0.357650995255|1
Union Sq, NYC, USA|Metropolitan Museum, 5th Avenue, New York, NYC, USA|2013-06-15 00:00:00|30|0.1|0.637025117874|0
Union Sq, NYC, USA|Metropolitan Museum, 5th Avenue, New York, NYC, USA|2013-08-01 00:00:00|30|0.1|0.315660953522|1
Union Sq, NYC, USA|Metropolitan Museum, 5th Avenue, New York, NYC, USA|2013-10-15 00:00:00|30|0.1|0.660289049149|3
Union Sq, NYC, USA|Metropolitan Museum, 5th Avenue, New York, NYC, USA|2013-12-01 00:00:00|30|0.1|0.677047967911|3
Union Sq, NYC, USA|Harlem, New York, NYC, USA|2013-02-15 00:00:00|30|0.1|0.659795999527|0
Union Sq, NYC, USA|Harlem, New York, NYC, USA|2013-04-01 00:00:00|30|0.1|0.36485004425|0
Union Sq, NYC, USA|Harlem, New York, NYC, USA|2013-06-15 00:00:00|30|0.1|0.648072004318|1
Union Sq, NYC, USA|Harlem, New York, NYC, USA|2013-08-01 00:00:00|30|0.1|0.314274072647|0
Union Sq, NYC, USA|Harlem, New York, NYC, USA|2013-10-15 00:00:00|30|0.1|0.669047832489|0
Union Sq, NYC, USA|Harlem, New York, NYC, USA|2013-12-01 00:00:00|30|0.1|0.651346921921|0
Harlem, New York, NYC, USA|Union Sq, NYC, USA|2013-02-15 00:00:00|30|0.1|0.230184078217|0
Harlem, New York, NYC, USA|Union Sq, NYC, USA|2013-04-01 00:00:00|30|0.1|0.117699861526|0
Harlem, New York, NYC, USA|Union Sq, NYC, USA|2013-06-15 00:00:00|30|0.1|0.222645998001|0
Harlem, New York, NYC, USA|Union Sq, NYC, USA|2013-08-01 00:00:00|30|0.1|0.106216907501|0
Harlem, New York, NYC, USA|Union Sq, NYC, USA|2013-10-15 00:00:00|30|0.1|0.230412006378|0
Harlem, New York, NYC, USA|Union Sq, NYC, USA|2013-12-01 00:00:00|30|0.1|0.220734119415|0
Union Sq, NYC, USA|Times Sq, NYC, USA|2013-02-15 00:00:00|30|0.3|15.4953289032|2743
Union Sq, NYC, USA|Times Sq, NYC, USA|2013-04-01 00:00:00|30|0.3|26.5708770752|2881
Union Sq, NYC, USA|Times Sq, NYC, USA|2013-06-15 00:00:00|30|0.3|50.5891590118|2532
Union Sq, NYC, USA|Times Sq, NYC, USA|2013-08-01 00:00:00|30|0.3|24.1736130714|2470
Union Sq, NYC, USA|Times Sq, NYC, USA|2013-10-15 00:00:00|30|0.3|32.3135478497|2456
Union Sq, NYC, USA|Times Sq, NYC, USA|2013-12-01 00:00:00|30|0.3|34.3411509991|2370
Times Sq, NYC, USA|Union Sq, NYC, USA|2013-02-15 00:00:00|30|0.3|15.0696380138|2812
Times Sq, NYC, USA|Union Sq, NYC, USA|2013-04-01 00:00:00|30|0.3|27.592787981|2746
Times Sq, NYC, USA|Union Sq, NYC, USA|2013-06-15 00:00:00|30|0.3|51.7506480217|2415
Times Sq, NYC, USA|Union Sq, NYC, USA|2013-08-01 00:00:00|30|0.3|25.0487811565|2621
Times Sq, NYC, USA|Union Sq, NYC, USA|2013-10-15 00:00:00|30|0.3|34.463572979|2315
Times Sq, NYC, USA|Union Sq, NYC, USA|2013-12-01 00:00:00|30|0.3|37.6720108986|2339
Grand Central, NYC, USA|Times Sq, NYC, USA|2013-02-15 00:00:00|30|0.3|16.8786289692|7631
Grand Central, NYC, USA|Times Sq, NYC, USA|2013-04-01 00:00:00|30|0.3|29.8650839329|7636
Grand Central, NYC, USA|Times Sq, NYC, USA|2013-06-15 00:00:00|30|0.3|49.661673069|6487
Grand Central, NYC, USA|Times Sq, NYC, USA|2013-08-01 00:00:00|30|0.3|25.8773028851|7457
Grand Central, NYC, USA|Times Sq, NYC, USA|2013-10-15 00:00:00|30|0.3|32.8715941906|5851
Grand Central, NYC, USA|Times Sq, NYC, USA|2013-12-01 00:00:00|30|0.3|35.1789250374|6514
Grand Central, NYC, USA|Union Sq, NYC, USA|2013-02-15 00:00:00|30|0.3|15.8200051785|5287
Grand Central, NYC, USA|Union Sq, NYC, USA|2013-04-01 00:00:00|30|0.3|27.260559082|5041
Grand Central, NYC, USA|Union Sq, NYC, USA|2013-06-15 00:00:00|30|0.3|49.8503410816|4537
Grand Central, NYC, USA|Union Sq, NYC, USA|2013-08-01 00:00:00|30|0.3|25.1420590878|4993
Grand Central, NYC, USA|Union Sq, NYC, USA|2013-10-15 00:00:00|30|0.3|32.2885739803|4660
Grand Central, NYC, USA|Union Sq, NYC, USA|2013-12-01 00:00:00|30|0.3|33.8521389961|4714
Union Sq, NYC, USA|Grand Central, NYC, USA|2013-02-15 00:00:00|30|0.3|16.4216082096|6656
Union Sq, NYC, USA|Grand Central, NYC, USA|2013-04-01 00:00:00|30|0.3|28.2098588943|6463
Union Sq, NYC, USA|Grand Central, NYC, USA|2013-06-15 00:00:00|30|0.3|50.5330138206|6264
Union Sq, NYC, USA|Grand Central, NYC, USA|2013-08-01 00:00:00|30|0.3|25.9604380131|6660
Union Sq, NYC, USA|Grand Central, NYC, USA|2013-10-15 00:00:00|30|0.3|33.378554821|6391
Union Sq, NYC, USA|Grand Central, NYC, USA|2013-12-01 00:00:00|30|0.3|34.8106739521|6432
Times Sq, NYC, USA|Grand Central, NYC, USA|2013-02-15 00:00:00|30|0.3|16.9063589573|7781
Times Sq, NYC, USA|Grand Central, NYC, USA|2013-04-01 00:00:00|30|0.3|28.4872391224|7707
Times Sq, NYC, USA|Grand Central, NYC, USA|2013-06-15 00:00:00|30|0.3|49.8919169903|5994
Times Sq, NYC, USA|Grand Central, NYC, USA|2013-08-01 00:00:00|30|0.3|25.5951189995|6704
Times Sq, NYC, USA|Grand Central, NYC, USA|2013-10-15 00:00:00|30|0.3|32.1271960735|5519
Times Sq, NYC, USA|Grand Central, NYC, USA|2013-12-01 00:00:00|30|0.3|34.3961071968|5990
Grand Central, NYC, USA|Columbia University, NYC, USA|2013-02-15 00:00:00|30|0.3|14.0288689137|279
Grand Central, NYC, USA|Columbia University, NYC, USA|2013-04-01 00:00:00|30|0.3|25.6873397827|313
Grand Central, NYC, USA|Columbia University, NYC, USA|2013-06-15 00:00:00|30|0.3|47.8440079689|293
Grand Central, NYC, USA|Columbia University, NYC, USA|2013-08-01 00:00:00|30|0.3|22.8907520771|394
Grand Central, NYC, USA|Columbia University, NYC, USA|2013-10-15 00:00:00|30|0.3|30.7851159573|355
Grand Central, NYC, USA|Columbia University, NYC, USA|2013-12-01 00:00:00|30|0.3|32.2082760334|343
Columbia University, NYC, USA|Grand Central, NYC, USA|2013-02-15 00:00:00|30|0.3|13.8492219448|383
Columbia University, NYC, USA|Grand Central, NYC, USA|2013-04-01 00:00:00|30|0.3|25.8748090267|360
Columbia University, NYC, USA|Grand Central, NYC, USA|2013-06-15 00:00:00|30|0.3|47.3964130878|314
Columbia University, NYC, USA|Grand Central, NYC, USA|2013-08-01 00:00:00|30|0.3|22.4177100658|293
Columbia University, NYC, USA|Grand Central, NYC, USA|2013-10-15 00:00:00|30|0.3|29.9951410294|353
Columbia University, NYC, USA|Grand Central, NYC, USA|2013-12-01 00:00:00|30|0.3|31.5811491013|288
Union Sq, NYC, USA|11 Wall street, NYC, USA|2013-02-15 00:00:00|30|0.3|14.4782438278|1431
Union Sq, NYC, USA|11 Wall street, NYC, USA|2013-04-01 00:00:00|30|0.3|26.8652889729|1586
Union Sq, NYC, USA|11 Wall street, NYC, USA|2013-06-15 00:00:00|30|0.3|48.0495040417|1346
Union Sq, NYC, USA|11 Wall street, NYC, USA|2013-08-01 00:00:00|30|0.3|23.1089749336|1457
Union Sq, NYC, USA|11 Wall street, NYC, USA|2013-10-15 00:00:00|30|0.3|30.5999081135|1496
Union Sq, NYC, USA|11 Wall street, NYC, USA|2013-12-01 00:00:00|30|0.3|32.9170470238|1478
Times Sq, NYC, USA|11 Wall street, NYC, USA|2013-02-15 00:00:00|30|0.3|14.3552701473|1277
Times Sq, NYC, USA|11 Wall street, NYC, USA|2013-04-01 00:00:00|30|0.3|26.5474948883|1311
Times Sq, NYC, USA|11 Wall street, NYC, USA|2013-06-15 00:00:00|30|0.3|48.3094520569|1193
Times Sq, NYC, USA|11 Wall street, NYC, USA|2013-08-01 00:00:00|30|0.3|23.5334858894|1173
Times Sq, NYC, USA|11 Wall street, NYC, USA|2013-10-15 00:00:00|30|0.3|30.6167778969|1261
Times Sq, NYC, USA|11 Wall street, NYC, USA|2013-12-01 00:00:00|30|0.3|33.5077869892|1151
Metropolitan Museum, 5th Avenue, New York, NYC, USA|Union Sq, NYC, USA|2013-02-15 00:00:00|30|0.3|13.6985988617|350
Metropolitan Museum, 5th Avenue, New York, NYC, USA|Union Sq, NYC, USA|2013-04-01 00:00:00|30|0.3|24.6685919762|379
Metropolitan Museum, 5th Avenue, New York, NYC, USA|Union Sq, NYC, USA|2013-06-15 00:00:00|30|0.3|47.4298300743|359
Metropolitan Museum, 5th Avenue, New York, NYC, USA|Union Sq, NYC, USA|2013-08-01 00:00:00|30|0.3|24.0443120003|392
Metropolitan Museum, 5th Avenue, New York, NYC, USA|Union Sq, NYC, USA|2013-10-15 00:00:00|30|0.3|29.8787260056|339
Metropolitan Museum, 5th Avenue, New York, NYC, USA|Union Sq, NYC, USA|2013-12-01 00:00:00|30|0.3|31.1249041557|342
Union Sq, NYC, USA|Metropolitan Museum, 5th Avenue, New York, NYC, USA|2013-02-15 00:00:00|30|0.3|14.1493210793|287
Union Sq, NYC, USA|Metropolitan Museum, 5th Avenue, New York, NYC, USA|2013-04-01 00:00:00|30|0.3|25.673926115|331
Union Sq, NYC, USA|Metropolitan Museum, 5th Avenue, New York, NYC, USA|2013-06-15 00:00:00|30|0.3|48.2003509998|301
Union Sq, NYC, USA|Metropolitan Museum, 5th Avenue, New York, NYC, USA|2013-08-01 00:00:00|30|0.3|23.5590670109|297
Union Sq, NYC, USA|Metropolitan Museum, 5th Avenue, New York, NYC, USA|2013-10-15 00:00:00|30|0.3|30.4063680172|321
Union Sq, NYC, USA|Metropolitan Museum, 5th Avenue, New York, NYC, USA|2013-12-01 00:00:00|30|0.3|31.8981759548|316
Union Sq, NYC, USA|Harlem, New York, NYC, USA|2013-02-15 00:00:00|30|0.3|13.9878787994|43
Union Sq, NYC, USA|Harlem, New York, NYC, USA|2013-04-01 00:00:00|30|0.3|25.0901401043|53
Union Sq, NYC, USA|Harlem, New York, NYC, USA|2013-06-15 00:00:00|30|0.3|47.0921738148|35
Union Sq, NYC, USA|Harlem, New York, NYC, USA|2013-08-01 00:00:00|30|0.3|22.5880320072|31
Union Sq, NYC, USA|Harlem, New York, NYC, USA|2013-10-15 00:00:00|30|0.3|30.2809729576|46
Union Sq, NYC, USA|Harlem, New York, NYC, USA|2013-12-01 00:00:00|30|0.3|32.3628339767|55
Harlem, New York, NYC, USA|Union Sq, NYC, USA|2013-02-15 00:00:00|30|0.3|0.674524784088|9
Harlem, New York, NYC, USA|Union Sq, NYC, USA|2013-04-01 00:00:00|30|0.3|0.425302028656|17
Harlem, New York, NYC, USA|Union Sq, NYC, USA|2013-06-15 00:00:00|30|0.3|0.756197929382|16
Harlem, New York, NYC, USA|Union Sq, NYC, USA|2013-08-01 00:00:00|30|0.3|0.328831911087|15
Harlem, New York, NYC, USA|Union Sq, NYC, USA|2013-10-15 00:00:00|30|0.3|0.766793012619|15
Harlem, New York, NYC, USA|Union Sq, NYC, USA|2013-12-01 00:00:00|30|0.3|0.670058012009|13
Union Sq, NYC, USA|Times Sq, NYC, USA|2013-02-15 00:00:00|30|0.8|62.1548759937|120389
Union Sq, NYC, USA|Times Sq, NYC, USA|2013-04-01 00:00:00|30|0.8|75.7744839191|121573
Union Sq, NYC, USA|Times Sq, NYC, USA|2013-06-15 00:00:00|30|0.8|93.6294810772|107083
Union Sq, NYC, USA|Times Sq, NYC, USA|2013-08-01 00:00:00|30|0.8|67.4977560043|109981
Union Sq, NYC, USA|Times Sq, NYC, USA|2013-10-15 00:00:00|30|0.8|76.2197182178|112506
Union Sq, NYC, USA|Times Sq, NYC, USA|2013-12-01 00:00:00|30|0.8|75.7261428833|104758
Times Sq, NYC, USA|Union Sq, NYC, USA|2013-02-15 00:00:00|30|0.8|54.5168969631|101150
Times Sq, NYC, USA|Union Sq, NYC, USA|2013-04-01 00:00:00|30|0.8|68.4266431332|101767
Times Sq, NYC, USA|Union Sq, NYC, USA|2013-06-15 00:00:00|30|0.8|85.4643089771|86863
Times Sq, NYC, USA|Union Sq, NYC, USA|2013-08-01 00:00:00|30|0.8|60.9337749481|91646
Times Sq, NYC, USA|Union Sq, NYC, USA|2013-10-15 00:00:00|30|0.8|69.948289156|94250
Times Sq, NYC, USA|Union Sq, NYC, USA|2013-12-01 00:00:00|30|0.8|69.6039099693|88491
Grand Central, NYC, USA|Times Sq, NYC, USA|2013-02-15 00:00:00|30|0.8|89.6926269531|194544
Grand Central, NYC, USA|Times Sq, NYC, USA|2013-04-01 00:00:00|30|0.8|101.724271059|190161
Grand Central, NYC, USA|Times Sq, NYC, USA|2013-06-15 00:00:00|30|0.8|113.698104858|162288
Grand Central, NYC, USA|Times Sq, NYC, USA|2013-08-01 00:00:00|30|0.8|92.6389610767|175528
Grand Central, NYC, USA|Times Sq, NYC, USA|2013-10-15 00:00:00|30|0.8|92.7598998547|154928
Grand Central, NYC, USA|Times Sq, NYC, USA|2013-12-01 00:00:00|30|0.8|98.9428908825|166153
Grand Central, NYC, USA|Union Sq, NYC, USA|2013-02-15 00:00:00|30|0.8|71.6291921139|147228
Grand Central, NYC, USA|Union Sq, NYC, USA|2013-04-01 00:00:00|30|0.8|85.2206428051|148296
Grand Central, NYC, USA|Union Sq, NYC, USA|2013-06-15 00:00:00|30|0.8|101.247742176|126782
Grand Central, NYC, USA|Union Sq, NYC, USA|2013-08-01 00:00:00|30|0.8|76.6436519623|133583
Grand Central, NYC, USA|Union Sq, NYC, USA|2013-10-15 00:00:00|30|0.8|85.7791769505|135351
Grand Central, NYC, USA|Union Sq, NYC, USA|2013-12-01 00:00:00|30|0.8|85.3618750572|130943
Union Sq, NYC, USA|Grand Central, NYC, USA|2013-02-15 00:00:00|30|0.8|79.3150269985|166732
Union Sq, NYC, USA|Grand Central, NYC, USA|2013-04-01 00:00:00|30|0.8|92.6207921505|167110
Union Sq, NYC, USA|Grand Central, NYC, USA|2013-06-15 00:00:00|30|0.8|109.013448|150886
Union Sq, NYC, USA|Grand Central, NYC, USA|2013-08-01 00:00:00|30|0.8|85.118350029|154295
Union Sq, NYC, USA|Grand Central, NYC, USA|2013-10-15 00:00:00|30|0.8|92.6083180904|156026
Union Sq, NYC, USA|Grand Central, NYC, USA|2013-12-01 00:00:00|30|0.8|93.9065361023|152500
Times Sq, NYC, USA|Grand Central, NYC, USA|2013-02-15 00:00:00|30|0.8|94.5881378651|206228
Times Sq, NYC, USA|Grand Central, NYC, USA|2013-04-01 00:00:00|30|0.8|105.233679056|199981
Times Sq, NYC, USA|Grand Central, NYC, USA|2013-06-15 00:00:00|30|0.8|118.009944916|170877
Times Sq, NYC, USA|Grand Central, NYC, USA|2013-08-01 00:00:00|30|0.8|96.1336500645|182867
Times Sq, NYC, USA|Grand Central, NYC, USA|2013-10-15 00:00:00|30|0.8|98.6188290119|168193
Times Sq, NYC, USA|Grand Central, NYC, USA|2013-12-01 00:00:00|30|0.8|103.365937948|174231
Grand Central, NYC, USA|Columbia University, NYC, USA|2013-02-15 00:00:00|30|0.8|18.0835440159|6946
Grand Central, NYC, USA|Columbia University, NYC, USA|2013-04-01 00:00:00|30|0.8|29.5222449303|7163
Grand Central, NYC, USA|Columbia University, NYC, USA|2013-06-15 00:00:00|30|0.8|53.8530240059|6762
Grand Central, NYC, USA|Columbia University, NYC, USA|2013-08-01 00:00:00|30|0.8|26.4052591324|6800
Grand Central, NYC, USA|Columbia University, NYC, USA|2013-10-15 00:00:00|30|0.8|36.4080939293|6856
Grand Central, NYC, USA|Columbia University, NYC, USA|2013-12-01 00:00:00|30|0.8|1835.03538108|6695
Columbia University, NYC, USA|Grand Central, NYC, USA|2013-02-15 00:00:00|30|0.8|34.8203940392|6200
Columbia University, NYC, USA|Grand Central, NYC, USA|2013-04-01 00:00:00|30|0.8|3639.99940395|6120
Columbia University, NYC, USA|Grand Central, NYC, USA|2013-06-15 00:00:00|30|0.8|5204.75691414|5840
Columbia University, NYC, USA|Grand Central, NYC, USA|2013-08-01 00:00:00|30|0.8|38.752409935|5451
Columbia University, NYC, USA|Grand Central, NYC, USA|2013-10-15 00:00:00|30|0.8|3462.37138796|6004
Columbia University, NYC, USA|Grand Central, NYC, USA|2013-12-01 00:00:00|30|0.8|38.0418419838|5006
Union Sq, NYC, USA|11 Wall street, NYC, USA|2013-02-15 00:00:00|30|0.8|34.2764348984|34959
Union Sq, NYC, USA|11 Wall street, NYC, USA|2013-04-01 00:00:00|30|0.8|44.7358720303|37384
Union Sq, NYC, USA|11 Wall street, NYC, USA|2013-06-15 00:00:00|30|0.8|65.9972469807|33662
Union Sq, NYC, USA|11 Wall street, NYC, USA|2013-08-01 00:00:00|30|0.8|39.0087659359|35566
Union Sq, NYC, USA|11 Wall street, NYC, USA|2013-10-15 00:00:00|30|0.8|49.9274799824|38616
Union Sq, NYC, USA|11 Wall street, NYC, USA|2013-12-01 00:00:00|30|0.8|50.2220339775|36025
Times Sq, NYC, USA|11 Wall street, NYC, USA|2013-02-15 00:00:00|30|0.8|29.1284720898|30774
Times Sq, NYC, USA|11 Wall street, NYC, USA|2013-04-01 00:00:00|30|0.8|41.6558148861|33235
Times Sq, NYC, USA|11 Wall street, NYC, USA|2013-06-15 00:00:00|30|0.8|62.5693018436|30856
Times Sq, NYC, USA|11 Wall street, NYC, USA|2013-08-01 00:00:00|30|0.8|37.9272789955|34313
Times Sq, NYC, USA|11 Wall street, NYC, USA|2013-10-15 00:00:00|30|0.8|49.0396149158|34897
Times Sq, NYC, USA|11 Wall street, NYC, USA|2013-12-01 00:00:00|30|0.8|47.1551949978|33192
Metropolitan Museum, 5th Avenue, New York, NYC, USA|Union Sq, NYC, USA|2013-02-15 00:00:00|30|0.8|24.5955958366|17139
Metropolitan Museum, 5th Avenue, New York, NYC, USA|Union Sq, NYC, USA|2013-04-01 00:00:00|30|0.8|31.5121059418|17807
Metropolitan Museum, 5th Avenue, New York, NYC, USA|Union Sq, NYC, USA|2013-06-15 00:00:00|30|0.8|54.2676289082|15143
Metropolitan Museum, 5th Avenue, New York, NYC, USA|Union Sq, NYC, USA|2013-08-01 00:00:00|30|0.8|28.0387132168|14311
Metropolitan Museum, 5th Avenue, New York, NYC, USA|Union Sq, NYC, USA|2013-10-15 00:00:00|30|0.8|39.3840970993|16712
Metropolitan Museum, 5th Avenue, New York, NYC, USA|Union Sq, NYC, USA|2013-12-01 00:00:00|30|0.8|39.5051591396|15608
Union Sq, NYC, USA|Metropolitan Museum, 5th Avenue, New York, NYC, USA|2013-02-15 00:00:00|30|0.8|26.6173188686|19716
Union Sq, NYC, USA|Metropolitan Museum, 5th Avenue, New York, NYC, USA|2013-04-01 00:00:00|30|0.8|36.0123178959|19357
Union Sq, NYC, USA|Metropolitan Museum, 5th Avenue, New York, NYC, USA|2013-06-15 00:00:00|30|0.8|58.9798557758|17060
Union Sq, NYC, USA|Metropolitan Museum, 5th Avenue, New York, NYC, USA|2013-08-01 00:00:00|30|0.8|30.7294669151|16096
Union Sq, NYC, USA|Metropolitan Museum, 5th Avenue, New York, NYC, USA|2013-10-15 00:00:00|30|0.8|42.5937540531|18505
Union Sq, NYC, USA|Metropolitan Museum, 5th Avenue, New York, NYC, USA|2013-12-01 00:00:00|30|0.8|40.6314640045|17572
Union Sq, NYC, USA|Harlem, New York, NYC, USA|2013-02-15 00:00:00|30|0.8|19.9677979946|2226
Union Sq, NYC, USA|Harlem, New York, NYC, USA|2013-04-01 00:00:00|30|0.8|28.4958939552|2575
Union Sq, NYC, USA|Harlem, New York, NYC, USA|2013-06-15 00:00:00|30|0.8|51.7381391525|2227
Union Sq, NYC, USA|Harlem, New York, NYC, USA|2013-08-01 00:00:00|30|0.8|24.8608050346|2099
Union Sq, NYC, USA|Harlem, New York, NYC, USA|2013-10-15 00:00:00|30|0.8|34.3453528881|2461
Union Sq, NYC, USA|Harlem, New York, NYC, USA|2013-12-01 00:00:00|30|0.8|36.2116851807|2328
Harlem, New York, NYC, USA|Union Sq, NYC, USA|2013-02-15 00:00:00|30|0.8|17.5147910118|427
Harlem, New York, NYC, USA|Union Sq, NYC, USA|2013-04-01 00:00:00|30|0.8|26.0023880005|645
Harlem, New York, NYC, USA|Union Sq, NYC, USA|2013-06-15 00:00:00|30|0.8|52.4893388748|541
Harlem, New York, NYC, USA|Union Sq, NYC, USA|2013-08-01 00:00:00|30|0.8|24.1725928783|487
Harlem, New York, NYC, USA|Union Sq, NYC, USA|2013-10-15 00:00:00|30|0.8|33.0121970177|569
Harlem, New York, NYC, USA|Union Sq, NYC, USA|2013-12-01 00:00:00|30|0.8|32.941339016|444
Union Sq, NYC, USA|Times Sq, NYC, USA|2013-02-15 00:00:00|30|2|957.273284197|2343641
Union Sq, NYC, USA|Times Sq, NYC, USA|2013-04-01 00:00:00|30|2|1029.46529508|2365095
Union Sq, NYC, USA|Times Sq, NYC, USA|2013-06-15 00:00:00|30|2|943.016438961|2084190
Union Sq, NYC, USA|Times Sq, NYC, USA|2013-08-01 00:00:00|30|2|895.217410088|2126446
Union Sq, NYC, USA|Times Sq, NYC, USA|2013-02-15 00:00:00|60|0.1|1.30611300468|91
Union Sq, NYC, USA|Times Sq, NYC, USA|2013-04-01 00:00:00|60|0.1|1.27489185333|106
Union Sq, NYC, USA|Times Sq, NYC, USA|2013-06-15 00:00:00|60|0.1|1.29246997833|91
Union Sq, NYC, USA|Times Sq, NYC, USA|2013-08-01 00:00:00|60|0.1|0.853543996811|86
Union Sq, NYC, USA|Times Sq, NYC, USA|2013-10-15 00:00:00|60|0.1|1.23758101463|82
Union Sq, NYC, USA|Times Sq, NYC, USA|2013-12-01 00:00:00|60|0.1|0.848350048065|67
Times Sq, NYC, USA|Union Sq, NYC, USA|2013-02-15 00:00:00|60|0.1|1.19906687737|97
Times Sq, NYC, USA|Union Sq, NYC, USA|2013-04-01 00:00:00|60|0.1|1.25505208969|115
Times Sq, NYC, USA|Union Sq, NYC, USA|2013-06-15 00:00:00|60|0.1|1.22601008415|93
Times Sq, NYC, USA|Union Sq, NYC, USA|2013-08-01 00:00:00|60|0.1|0.775582075119|80
Times Sq, NYC, USA|Union Sq, NYC, USA|2013-10-15 00:00:00|60|0.1|1.12617087364|89
Times Sq, NYC, USA|Union Sq, NYC, USA|2013-12-01 00:00:00|60|0.1|0.763121128082|69
Grand Central, NYC, USA|Times Sq, NYC, USA|2013-02-15 00:00:00|60|0.1|1.27079105377|489
Grand Central, NYC, USA|Times Sq, NYC, USA|2013-04-01 00:00:00|60|0.1|1.31665682793|532
Grand Central, NYC, USA|Times Sq, NYC, USA|2013-06-15 00:00:00|60|0.1|1.35605311394|436
Grand Central, NYC, USA|Times Sq, NYC, USA|2013-08-01 00:00:00|60|0.1|1.00120615959|496
Grand Central, NYC, USA|Times Sq, NYC, USA|2013-10-15 00:00:00|60|0.1|1.23570203781|421
Grand Central, NYC, USA|Times Sq, NYC, USA|2013-12-01 00:00:00|60|0.1|0.93779706955|457
Grand Central, NYC, USA|Union Sq, NYC, USA|2013-02-15 00:00:00|60|0.1|0.979568958282|150
Grand Central, NYC, USA|Union Sq, NYC, USA|2013-04-01 00:00:00|60|0.1|0.982187986374|144
Grand Central, NYC, USA|Union Sq, NYC, USA|2013-06-15 00:00:00|60|0.1|0.994968175888|125
Grand Central, NYC, USA|Union Sq, NYC, USA|2013-08-01 00:00:00|60|0.1|0.705594062805|146
Grand Central, NYC, USA|Union Sq, NYC, USA|2013-10-15 00:00:00|60|0.1|0.922829151154|117
Grand Central, NYC, USA|Union Sq, NYC, USA|2013-12-01 00:00:00|60|0.1|0.656810045242|145
Union Sq, NYC, USA|Grand Central, NYC, USA|2013-02-15 00:00:00|60|0.1|1.1030728817|82
Union Sq, NYC, USA|Grand Central, NYC, USA|2013-04-01 00:00:00|60|0.1|1.19330191612|92
Union Sq, NYC, USA|Grand Central, NYC, USA|2013-06-15 00:00:00|60|0.1|1.15542888641|78
Union Sq, NYC, USA|Grand Central, NYC, USA|2013-08-01 00:00:00|60|0.1|0.749102115631|83
Union Sq, NYC, USA|Grand Central, NYC, USA|2013-10-15 00:00:00|60|0.1|1.06775784492|63
Union Sq, NYC, USA|Grand Central, NYC, USA|2013-12-01 00:00:00|60|0.1|0.77396607399|61
Times Sq, NYC, USA|Grand Central, NYC, USA|2013-02-15 00:00:00|60|0.1|1.38515806198|404
Times Sq, NYC, USA|Grand Central, NYC, USA|2013-04-01 00:00:00|60|0.1|1.4181201458|395
Times Sq, NYC, USA|Grand Central, NYC, USA|2013-06-15 00:00:00|60|0.1|1.49871397018|373
Times Sq, NYC, USA|Grand Central, NYC, USA|2013-08-01 00:00:00|60|0.1|1.01521396637|425
Times Sq, NYC, USA|Grand Central, NYC, USA|2013-10-15 00:00:00|60|0.1|1.36562395096|357
Times Sq, NYC, USA|Grand Central, NYC, USA|2013-12-01 00:00:00|60|0.1|1.00226306915|359
Grand Central, NYC, USA|Columbia University, NYC, USA|2013-02-15 00:00:00|60|0.1|0.751055002213|0
Grand Central, NYC, USA|Columbia University, NYC, USA|2013-04-01 00:00:00|60|0.1|0.785938024521|1
Grand Central, NYC, USA|Columbia University, NYC, USA|2013-06-15 00:00:00|60|0.1|0.763355970383|1
Grand Central, NYC, USA|Columbia University, NYC, USA|2013-08-01 00:00:00|60|0.1|0.496048927307|0
Grand Central, NYC, USA|Columbia University, NYC, USA|2013-10-15 00:00:00|60|0.1|0.733822107315|1
Grand Central, NYC, USA|Columbia University, NYC, USA|2013-12-01 00:00:00|60|0.1|0.520498037338|2
Columbia University, NYC, USA|Grand Central, NYC, USA|2013-02-15 00:00:00|60|0.1|0.699324846268|0
Columbia University, NYC, USA|Grand Central, NYC, USA|2013-04-01 00:00:00|60|0.1|0.702323913574|0
Columbia University, NYC, USA|Grand Central, NYC, USA|2013-06-15 00:00:00|60|0.1|0.723654985428|1
Columbia University, NYC, USA|Grand Central, NYC, USA|2013-08-01 00:00:00|60|0.1|0.451250076294|0
Columbia University, NYC, USA|Grand Central, NYC, USA|2013-10-15 00:00:00|60|0.1|0.683243989944|0
Columbia University, NYC, USA|Grand Central, NYC, USA|2013-12-01 00:00:00|60|0.1|0.471047878265|0
Union Sq, NYC, USA|11 Wall street, NYC, USA|2013-02-15 00:00:00|60|0.1|1.05458307266|13
Union Sq, NYC, USA|11 Wall street, NYC, USA|2013-04-01 00:00:00|60|0.1|1.09111690521|16
Union Sq, NYC, USA|11 Wall street, NYC, USA|2013-06-15 00:00:00|60|0.1|1.01660084724|15
Union Sq, NYC, USA|11 Wall street, NYC, USA|2013-08-01 00:00:00|60|0.1|0.6898188591|15
Union Sq, NYC, USA|11 Wall street, NYC, USA|2013-10-15 00:00:00|60|0.1|0.987766027451|13
Union Sq, NYC, USA|11 Wall street, NYC, USA|2013-12-01 00:00:00|60|0.1|0.687438964844|18
Times Sq, NYC, USA|11 Wall street, NYC, USA|2013-02-15 00:00:00|60|0.1|1.04683804512|18
Times Sq, NYC, USA|11 Wall street, NYC, USA|2013-04-01 00:00:00|60|0.1|1.08610510826|27
Times Sq, NYC, USA|11 Wall street, NYC, USA|2013-06-15 00:00:00|60|0.1|1.03663301468|26
Times Sq, NYC, USA|11 Wall street, NYC, USA|2013-08-01 00:00:00|60|0.1|0.695614099503|25
Times Sq, NYC, USA|11 Wall street, NYC, USA|2013-10-15 00:00:00|60|0.1|0.967104911804|20
Times Sq, NYC, USA|11 Wall street, NYC, USA|2013-12-01 00:00:00|60|0.1|0.695293188095|17
Metropolitan Museum, 5th Avenue, New York, NYC, USA|Union Sq, NYC, USA|2013-02-15 00:00:00|60|0.1|0.502608060837|10
Metropolitan Museum, 5th Avenue, New York, NYC, USA|Union Sq, NYC, USA|2013-04-01 00:00:00|60|0.1|0.470790147781|9
Metropolitan Museum, 5th Avenue, New York, NYC, USA|Union Sq, NYC, USA|2013-06-15 00:00:00|60|0.1|0.509351015091|13
Metropolitan Museum, 5th Avenue, New York, NYC, USA|Union Sq, NYC, USA|2013-08-01 00:00:00|60|0.1|0.316066026688|8
Metropolitan Museum, 5th Avenue, New York, NYC, USA|Union Sq, NYC, USA|2013-10-15 00:00:00|60|0.1|0.485074043274|16
Metropolitan Museum, 5th Avenue, New York, NYC, USA|Union Sq, NYC, USA|2013-12-01 00:00:00|60|0.1|0.335417032242|11
Union Sq, NYC, USA|Metropolitan Museum, 5th Avenue, New York, NYC, USA|2013-02-15 00:00:00|60|0.1|0.972437143326|2
Union Sq, NYC, USA|Metropolitan Museum, 5th Avenue, New York, NYC, USA|2013-04-01 00:00:00|60|0.1|1.02779793739|2
Union Sq, NYC, USA|Metropolitan Museum, 5th Avenue, New York, NYC, USA|2013-06-15 00:00:00|60|0.1|0.981082201004|2
Union Sq, NYC, USA|Metropolitan Museum, 5th Avenue, New York, NYC, USA|2013-08-01 00:00:00|60|0.1|0.641980886459|1
Union Sq, NYC, USA|Metropolitan Museum, 5th Avenue, New York, NYC, USA|2013-10-15 00:00:00|60|0.1|0.935425043106|4
Union Sq, NYC, USA|Metropolitan Museum, 5th Avenue, New York, NYC, USA|2013-12-01 00:00:00|60|0.1|0.68302488327|7
Union Sq, NYC, USA|Harlem, New York, NYC, USA|2013-02-15 00:00:00|60|0.1|0.996576070786|1
Union Sq, NYC, USA|Harlem, New York, NYC, USA|2013-04-01 00:00:00|60|0.1|1.0048789978|0
Union Sq, NYC, USA|Harlem, New York, NYC, USA|2013-06-15 00:00:00|60|0.1|0.999225139618|2
Union Sq, NYC, USA|Harlem, New York, NYC, USA|2013-08-01 00:00:00|60|0.1|0.62605381012|0
Union Sq, NYC, USA|Harlem, New York, NYC, USA|2013-10-15 00:00:00|60|0.1|0.943192958832|0
Union Sq, NYC, USA|Harlem, New York, NYC, USA|2013-12-01 00:00:00|60|0.1|0.655522108078|0
Harlem, New York, NYC, USA|Union Sq, NYC, USA|2013-02-15 00:00:00|60|0.1|0.349852800369|0
Harlem, New York, NYC, USA|Union Sq, NYC, USA|2013-04-01 00:00:00|60|0.1|0.327181816101|0
Harlem, New York, NYC, USA|Union Sq, NYC, USA|2013-06-15 00:00:00|60|0.1|0.335926055908|0
Harlem, New York, NYC, USA|Union Sq, NYC, USA|2013-08-01 00:00:00|60|0.1|0.210178852081|0
Harlem, New York, NYC, USA|Union Sq, NYC, USA|2013-10-15 00:00:00|60|0.1|0.321313858032|0
Harlem, New York, NYC, USA|Union Sq, NYC, USA|2013-12-01 00:00:00|60|0.1|0.226196050644|0
Union Sq, NYC, USA|Times Sq, NYC, USA|2013-02-15 00:00:00|60|0.3|42.4449589252|4811
Union Sq, NYC, USA|Times Sq, NYC, USA|2013-04-01 00:00:00|60|0.3|43.0345900059|5475
Union Sq, NYC, USA|Times Sq, NYC, USA|2013-06-15 00:00:00|60|0.3|77.4623320103|5147
Union Sq, NYC, USA|Times Sq, NYC, USA|2013-08-01 00:00:00|60|0.3|50.5237109661|5090
Union Sq, NYC, USA|Times Sq, NYC, USA|2013-10-15 00:00:00|60|0.3|56.2002840042|4734
Union Sq, NYC, USA|Times Sq, NYC, USA|2013-12-01 00:00:00|60|0.3|36.1087129116|4727
Times Sq, NYC, USA|Union Sq, NYC, USA|2013-02-15 00:00:00|60|0.3|39.8001580238|4728
Times Sq, NYC, USA|Union Sq, NYC, USA|2013-04-01 00:00:00|60|0.3|41.3953809738|5442
Times Sq, NYC, USA|Union Sq, NYC, USA|2013-06-15 00:00:00|60|0.3|75.2626328468|4787
Times Sq, NYC, USA|Union Sq, NYC, USA|2013-08-01 00:00:00|60|0.3|48.056650877|5084
Times Sq, NYC, USA|Union Sq, NYC, USA|2013-10-15 00:00:00|60|0.3|53.7978520393|4597
Times Sq, NYC, USA|Union Sq, NYC, USA|2013-12-01 00:00:00|60|0.3|33.4193398952|4595
Grand Central, NYC, USA|Times Sq, NYC, USA|2013-02-15 00:00:00|60|0.3|43.8951780796|13511
Grand Central, NYC, USA|Times Sq, NYC, USA|2013-04-01 00:00:00|60|0.3|45.7410840988|15034
Grand Central, NYC, USA|Times Sq, NYC, USA|2013-06-15 00:00:00|60|0.3|79.4160749912|13199
Grand Central, NYC, USA|Times Sq, NYC, USA|2013-08-01 00:00:00|60|0.3|53.403026104|14102
Grand Central, NYC, USA|Times Sq, NYC, USA|2013-10-15 00:00:00|60|0.3|57.855576992|12104
Grand Central, NYC, USA|Times Sq, NYC, USA|2013-12-01 00:00:00|60|0.3|37.2753679752|12533
Grand Central, NYC, USA|Union Sq, NYC, USA|2013-02-15 00:00:00|60|0.3|41.2464029789|9201
Grand Central, NYC, USA|Union Sq, NYC, USA|2013-04-01 00:00:00|60|0.3|43.2254700661|10115
Grand Central, NYC, USA|Union Sq, NYC, USA|2013-06-15 00:00:00|60|0.3|76.6999189854|9499
Grand Central, NYC, USA|Union Sq, NYC, USA|2013-08-01 00:00:00|60|0.3|50.0522580147|9688
Grand Central, NYC, USA|Union Sq, NYC, USA|2013-10-15 00:00:00|60|0.3|54.8680150509|8987
Grand Central, NYC, USA|Union Sq, NYC, USA|2013-12-01 00:00:00|60|0.3|36.6462669373|9495
Union Sq, NYC, USA|Grand Central, NYC, USA|2013-02-15 00:00:00|60|0.3|42.6029541492|11934
Union Sq, NYC, USA|Grand Central, NYC, USA|2013-04-01 00:00:00|60|0.3|44.9830229282|12790
Union Sq, NYC, USA|Grand Central, NYC, USA|2013-06-15 00:00:00|60|0.3|80.3136138916|13046
Union Sq, NYC, USA|Grand Central, NYC, USA|2013-08-01 00:00:00|60|0.3|55.3488559723|12963
Union Sq, NYC, USA|Grand Central, NYC, USA|2013-10-15 00:00:00|60|0.3|60.7232530117|12350
Union Sq, NYC, USA|Grand Central, NYC, USA|2013-12-01 00:00:00|60|0.3|38.7487778664|13093
Times Sq, NYC, USA|Grand Central, NYC, USA|2013-02-15 00:00:00|60|0.3|45.6628129482|13330
Times Sq, NYC, USA|Grand Central, NYC, USA|2013-04-01 00:00:00|60|0.3|46.3003151417|15116
Times Sq, NYC, USA|Grand Central, NYC, USA|2013-06-15 00:00:00|60|0.3|80.883795023|12256
Times Sq, NYC, USA|Grand Central, NYC, USA|2013-08-01 00:00:00|60|0.3|52.0356779099|12791
Times Sq, NYC, USA|Grand Central, NYC, USA|2013-10-15 00:00:00|60|0.3|56.5286478996|11393
Times Sq, NYC, USA|Grand Central, NYC, USA|2013-12-01 00:00:00|60|0.3|35.6511619091|11580
Grand Central, NYC, USA|Columbia University, NYC, USA|2013-02-15 00:00:00|60|0.3|40.0100750923|423
Grand Central, NYC, USA|Columbia University, NYC, USA|2013-04-01 00:00:00|60|0.3|41.4168119431|642
Grand Central, NYC, USA|Columbia University, NYC, USA|2013-06-15 00:00:00|60|0.3|72.4982848167|608
Grand Central, NYC, USA|Columbia University, NYC, USA|2013-08-01 00:00:00|60|0.3|47.1509261131|698
Grand Central, NYC, USA|Columbia University, NYC, USA|2013-10-15 00:00:00|60|0.3|54.1782269478|657
Grand Central, NYC, USA|Columbia University, NYC, USA|2013-12-01 00:00:00|60|0.3|32.5997450352|712
Columbia University, NYC, USA|Grand Central, NYC, USA|2013-02-15 00:00:00|60|0.3|41.6615209579|540
Columbia University, NYC, USA|Grand Central, NYC, USA|2013-04-01 00:00:00|60|0.3|42.1673259735|760
Columbia University, NYC, USA|Grand Central, NYC, USA|2013-06-15 00:00:00|60|0.3|74.9015109539|680
Columbia University, NYC, USA|Grand Central, NYC, USA|2013-08-01 00:00:00|60|0.3|48.0999789238|595
Columbia University, NYC, USA|Grand Central, NYC, USA|2013-10-15 00:00:00|60|0.3|53.9072787762|636
Columbia University, NYC, USA|Grand Central, NYC, USA|2013-12-01 00:00:00|60|0.3|31.0870330334|652
Union Sq, NYC, USA|11 Wall street, NYC, USA|2013-02-15 00:00:00|60|0.3|42.7384250164|2576
Union Sq, NYC, USA|11 Wall street, NYC, USA|2013-04-01 00:00:00|60|0.3|42.5270960331|2956
Union Sq, NYC, USA|11 Wall street, NYC, USA|2013-06-15 00:00:00|60|0.3|75.1943089962|2696
Union Sq, NYC, USA|11 Wall street, NYC, USA|2013-08-01 00:00:00|60|0.3|48.2149598598|2844
Union Sq, NYC, USA|11 Wall street, NYC, USA|2013-10-15 00:00:00|60|0.3|56.0908780098|2830
Union Sq, NYC, USA|11 Wall street, NYC, USA|2013-12-01 00:00:00|60|0.3|35.6746602058|2953
Times Sq, NYC, USA|11 Wall street, NYC, USA|2013-02-15 00:00:00|60|0.3|41.5893359184|2147
Times Sq, NYC, USA|11 Wall street, NYC, USA|2013-04-01 00:00:00|60|0.3|46.3131489754|2585
Times Sq, NYC, USA|11 Wall street, NYC, USA|2013-06-15 00:00:00|60|0.3|75.401624918|2335
Times Sq, NYC, USA|11 Wall street, NYC, USA|2013-08-01 00:00:00|60|0.3|47.163985014|2288
Times Sq, NYC, USA|11 Wall street, NYC, USA|2013-10-15 00:00:00|60|0.3|52.8724541664|2433
Times Sq, NYC, USA|11 Wall street, NYC, USA|2013-12-01 00:00:00|60|0.3|34.0063169003|2367
Metropolitan Museum, 5th Avenue, New York, NYC, USA|Union Sq, NYC, USA|2013-02-15 00:00:00|60|0.3|40.945376873|620
Metropolitan Museum, 5th Avenue, New York, NYC, USA|Union Sq, NYC, USA|2013-04-01 00:00:00|60|0.3|40.8499071598|723
Metropolitan Museum, 5th Avenue, New York, NYC, USA|Union Sq, NYC, USA|2013-06-15 00:00:00|60|0.3|79.1746380329|700
Metropolitan Museum, 5th Avenue, New York, NYC, USA|Union Sq, NYC, USA|2013-08-01 00:00:00|60|0.3|45.1658408642|728
Metropolitan Museum, 5th Avenue, New York, NYC, USA|Union Sq, NYC, USA|2013-10-15 00:00:00|60|0.3|50.4024560452|639
Metropolitan Museum, 5th Avenue, New York, NYC, USA|Union Sq, NYC, USA|2013-12-01 00:00:00|60|0.3|30.7142989635|668
Union Sq, NYC, USA|Metropolitan Museum, 5th Avenue, New York, NYC, USA|2013-02-15 00:00:00|60|0.3|39.8549239635|563
Union Sq, NYC, USA|Metropolitan Museum, 5th Avenue, New York, NYC, USA|2013-04-01 00:00:00|60|0.3|42.0943870544|608
Union Sq, NYC, USA|Metropolitan Museum, 5th Avenue, New York, NYC, USA|2013-06-15 00:00:00|60|0.3|78.8891890049|617
Union Sq, NYC, USA|Metropolitan Museum, 5th Avenue, New York, NYC, USA|2013-08-01 00:00:00|60|0.3|49.5677831173|613
Union Sq, NYC, USA|Metropolitan Museum, 5th Avenue, New York, NYC, USA|2013-10-15 00:00:00|60|0.3|52.1134290695|578
Union Sq, NYC, USA|Metropolitan Museum, 5th Avenue, New York, NYC, USA|2013-12-01 00:00:00|60|0.3|31.7756330967|640
Union Sq, NYC, USA|Harlem, New York, NYC, USA|2013-02-15 00:00:00|60|0.3|38.4549210072|81
Union Sq, NYC, USA|Harlem, New York, NYC, USA|2013-04-01 00:00:00|60|0.3|41.6762878895|97
Union Sq, NYC, USA|Harlem, New York, NYC, USA|2013-06-15 00:00:00|60|0.3|74.4548630714|80
Union Sq, NYC, USA|Harlem, New York, NYC, USA|2013-08-01 00:00:00|60|0.3|46.3233749866|63
Union Sq, NYC, USA|Harlem, New York, NYC, USA|2013-10-15 00:00:00|60|0.3|52.077409029|97
Union Sq, NYC, USA|Harlem, New York, NYC, USA|2013-12-01 00:00:00|60|0.3|32.3507130146|95
Harlem, New York, NYC, USA|Union Sq, NYC, USA|2013-02-15 00:00:00|60|0.3|1.01805496216|21
Harlem, New York, NYC, USA|Union Sq, NYC, USA|2013-04-01 00:00:00|60|0.3|1.00617098808|30
Harlem, New York, NYC, USA|Union Sq, NYC, USA|2013-06-15 00:00:00|60|0.3|1.03260397911|25
Harlem, New York, NYC, USA|Union Sq, NYC, USA|2013-08-01 00:00:00|60|0.3|0.658269882202|32
Harlem, New York, NYC, USA|Union Sq, NYC, USA|2013-10-15 00:00:00|60|0.3|0.970453977585|30
Harlem, New York, NYC, USA|Union Sq, NYC, USA|2013-12-01 00:00:00|60|0.3|0.673846960068|23
Union Sq, NYC, USA|Times Sq, NYC, USA|2013-02-15 00:00:00|60|0.8|121.716362953|211824
Union Sq, NYC, USA|Times Sq, NYC, USA|2013-04-01 00:00:00|60|0.8|135.320661068|238852
Union Sq, NYC, USA|Times Sq, NYC, USA|2013-06-15 00:00:00|60|0.8|163.016824007|220097
Union Sq, NYC, USA|Times Sq, NYC, USA|2013-08-01 00:00:00|60|0.8|133.318630934|217796
Union Sq, NYC, USA|Times Sq, NYC, USA|2013-10-15 00:00:00|60|0.8|138.580314875|216572
Union Sq, NYC, USA|Times Sq, NYC, USA|2013-12-01 00:00:00|60|0.8|115.201826096|215559
Times Sq, NYC, USA|Union Sq, NYC, USA|2013-02-15 00:00:00|60|0.8|109.159409046|176523
Times Sq, NYC, USA|Union Sq, NYC, USA|2013-04-01 00:00:00|60|0.8|119.94195199|200505
Times Sq, NYC, USA|Union Sq, NYC, USA|2013-06-15 00:00:00|60|0.8|163.308691978|180311
Times Sq, NYC, USA|Union Sq, NYC, USA|2013-08-01 00:00:00|60|0.8|120.83434701|180155
Times Sq, NYC, USA|Union Sq, NYC, USA|2013-10-15 00:00:00|60|0.8|131.87377286|180862
Times Sq, NYC, USA|Union Sq, NYC, USA|2013-12-01 00:00:00|60|0.8|103.477716923|181409
Grand Central, NYC, USA|Times Sq, NYC, USA|2013-02-15 00:00:00|60|0.8|181.115846872|342859
Grand Central, NYC, USA|Times Sq, NYC, USA|2013-04-01 00:00:00|60|0.8|196.46361804|376050
Grand Central, NYC, USA|Times Sq, NYC, USA|2013-06-15 00:00:00|60|0.8|214.279738903|329241
Grand Central, NYC, USA|Times Sq, NYC, USA|2013-08-01 00:00:00|60|0.8|188.428148985|338572
Grand Central, NYC, USA|Times Sq, NYC, USA|2013-10-15 00:00:00|60|0.8|183.622592926|311891
Grand Central, NYC, USA|Times Sq, NYC, USA|2013-12-01 00:00:00|60|0.8|167.54976511|324696
Grand Central, NYC, USA|Union Sq, NYC, USA|2013-02-15 00:00:00|60|0.8|149.054142952|260012
Grand Central, NYC, USA|Union Sq, NYC, USA|2013-04-01 00:00:00|60|0.8|158.75960207|292015
Grand Central, NYC, USA|Union Sq, NYC, USA|2013-06-15 00:00:00|60|0.8|174.147023916|265091
Grand Central, NYC, USA|Union Sq, NYC, USA|2013-08-01 00:00:00|60|0.8|133.475913048|262877
Grand Central, NYC, USA|Union Sq, NYC, USA|2013-10-15 00:00:00|60|0.8|153.993751049|259362
Grand Central, NYC, USA|Union Sq, NYC, USA|2013-12-01 00:00:00|60|0.8|133.175184011|266830
Union Sq, NYC, USA|Grand Central, NYC, USA|2013-02-15 00:00:00|60|0.8|156.52550602|297448
Union Sq, NYC, USA|Grand Central, NYC, USA|2013-04-01 00:00:00|60|0.8|171.149185896|327661
Union Sq, NYC, USA|Grand Central, NYC, USA|2013-06-15 00:00:00|60|0.8|182.908550978|309929
Union Sq, NYC, USA|Grand Central, NYC, USA|2013-08-01 00:00:00|60|0.8|155.348520041|306860
Union Sq, NYC, USA|Grand Central, NYC, USA|2013-10-15 00:00:00|60|0.8|173.669282913|299858
Union Sq, NYC, USA|Grand Central, NYC, USA|2013-12-01 00:00:00|60|0.8|167.410669804|310246
Times Sq, NYC, USA|Grand Central, NYC, USA|2013-02-15 00:00:00|60|0.8|199.027905941|361512
Times Sq, NYC, USA|Grand Central, NYC, USA|2013-04-01 00:00:00|60|0.8|211.33114481|396825
Times Sq, NYC, USA|Grand Central, NYC, USA|2013-06-15 00:00:00|60|0.8|214.313164949|346597
Times Sq, NYC, USA|Grand Central, NYC, USA|2013-08-01 00:00:00|60|0.8|184.745813847|352953
Times Sq, NYC, USA|Grand Central, NYC, USA|2013-10-15 00:00:00|60|0.8|181.97792697|334044
Times Sq, NYC, USA|Grand Central, NYC, USA|2013-12-01 00:00:00|60|0.8|169.896781921|344043
Grand Central, NYC, USA|Columbia University, NYC, USA|2013-02-15 00:00:00|60|0.8|48.0239989758|11843
Grand Central, NYC, USA|Columbia University, NYC, USA|2013-04-01 00:00:00|60|0.8|54.145004034|14306
Grand Central, NYC, USA|Columbia University, NYC, USA|2013-06-15 00:00:00|60|0.8|79.9003100395|13391
Grand Central, NYC, USA|Columbia University, NYC, USA|2013-08-01 00:00:00|60|0.8|56.6417930126|13431
Grand Central, NYC, USA|Columbia University, NYC, USA|2013-10-15 00:00:00|60|0.8|64.6665589809|13006
Grand Central, NYC, USA|Columbia University, NYC, USA|2013-12-01 00:00:00|60|0.8|40.9962480068|13620
Columbia University, NYC, USA|Grand Central, NYC, USA|2013-02-15 00:00:00|60|0.8|48.9866371155|10044
Columbia University, NYC, USA|Grand Central, NYC, USA|2013-04-01 00:00:00|60|0.8|47.2070820332|12431
Columbia University, NYC, USA|Grand Central, NYC, USA|2013-06-15 00:00:00|60|0.8|75.6499609947|11879
Columbia University, NYC, USA|Grand Central, NYC, USA|2013-08-01 00:00:00|60|0.8|55.1745929718|10848
Columbia University, NYC, USA|Grand Central, NYC, USA|2013-10-15 00:00:00|60|0.8|59.1885340214|11026
Columbia University, NYC, USA|Grand Central, NYC, USA|2013-12-01 00:00:00|60|0.8|37.2990550995|11097
Union Sq, NYC, USA|11 Wall street, NYC, USA|2013-02-15 00:00:00|60|0.8|66.8471829891|63278
Union Sq, NYC, USA|11 Wall street, NYC, USA|2013-04-01 00:00:00|60|0.8|73.2343990803|71687
Union Sq, NYC, USA|11 Wall street, NYC, USA|2013-06-15 00:00:00|60|0.8|100.89312911|68965
Union Sq, NYC, USA|11 Wall street, NYC, USA|2013-08-01 00:00:00|60|0.8|76.1076939106|70484
Union Sq, NYC, USA|11 Wall street, NYC, USA|2013-10-15 00:00:00|60|0.8|87.08416605|72237
Union Sq, NYC, USA|11 Wall street, NYC, USA|2013-12-01 00:00:00|60|0.8|61.8484530449|73258
Times Sq, NYC, USA|11 Wall street, NYC, USA|2013-02-15 00:00:00|60|0.8|67.2367630005|57809
Times Sq, NYC, USA|11 Wall street, NYC, USA|2013-04-01 00:00:00|60|0.8|68.0401279926|63533
Times Sq, NYC, USA|11 Wall street, NYC, USA|2013-06-15 00:00:00|60|0.8|100.121302843|62302
Times Sq, NYC, USA|11 Wall street, NYC, USA|2013-08-01 00:00:00|60|0.8|73.6323981285|66058
Times Sq, NYC, USA|11 Wall street, NYC, USA|2013-10-15 00:00:00|60|0.8|78.6406469345|67233
Times Sq, NYC, USA|11 Wall street, NYC, USA|2013-12-01 00:00:00|60|0.8|60.3153259754|67887
Metropolitan Museum, 5th Avenue, New York, NYC, USA|Union Sq, NYC, USA|2013-02-15 00:00:00|60|0.8|51.3540029526|30091
Metropolitan Museum, 5th Avenue, New York, NYC, USA|Union Sq, NYC, USA|2013-04-01 00:00:00|60|0.8|54.8541591167|35207
Metropolitan Museum, 5th Avenue, New York, NYC, USA|Union Sq, NYC, USA|2013-06-15 00:00:00|60|0.8|84.5007688999|31396
Metropolitan Museum, 5th Avenue, New York, NYC, USA|Union Sq, NYC, USA|2013-08-01 00:00:00|60|0.8|62.7491719723|29514
Metropolitan Museum, 5th Avenue, New York, NYC, USA|Union Sq, NYC, USA|2013-10-15 00:00:00|60|0.8|64.5189640522|30341
Metropolitan Museum, 5th Avenue, New York, NYC, USA|Union Sq, NYC, USA|2013-12-01 00:00:00|60|0.8|43.4374008179|31818
Union Sq, NYC, USA|Metropolitan Museum, 5th Avenue, New York, NYC, USA|2013-02-15 00:00:00|60|0.8|56.5281391144|35043
Union Sq, NYC, USA|Metropolitan Museum, 5th Avenue, New York, NYC, USA|2013-04-01 00:00:00|60|0.8|59.1172308922|38182
Union Sq, NYC, USA|Metropolitan Museum, 5th Avenue, New York, NYC, USA|2013-06-15 00:00:00|60|0.8|90.4470500946|35827
Union Sq, NYC, USA|Metropolitan Museum, 5th Avenue, New York, NYC, USA|2013-08-01 00:00:00|60|0.8|61.0426380634|33467
Union Sq, NYC, USA|Metropolitan Museum, 5th Avenue, New York, NYC, USA|2013-10-15 00:00:00|60|0.8|65.5874919891|33855
Union Sq, NYC, USA|Metropolitan Museum, 5th Avenue, New York, NYC, USA|2013-12-01 00:00:00|60|0.8|46.300039053|35735
Union Sq, NYC, USA|Harlem, New York, NYC, USA|2013-02-15 00:00:00|60|0.8|43.370814085|4301
Union Sq, NYC, USA|Harlem, New York, NYC, USA|2013-04-01 00:00:00|60|0.8|45.3810172081|4855
Union Sq, NYC, USA|Harlem, New York, NYC, USA|2013-06-15 00:00:00|60|0.8|77.9187390804|4595
Union Sq, NYC, USA|Harlem, New York, NYC, USA|2013-08-01 00:00:00|60|0.8|48.9052331448|4381
Union Sq, NYC, USA|Harlem, New York, NYC, USA|2013-10-15 00:00:00|60|0.8|54.76770401|4651
Union Sq, NYC, USA|Harlem, New York, NYC, USA|2013-12-01 00:00:00|60|0.8|38.1125411987|4544
Harlem, New York, NYC, USA|Union Sq, NYC, USA|2013-02-15 00:00:00|60|0.8|39.4001190662|789
Harlem, New York, NYC, USA|Union Sq, NYC, USA|2013-04-01 00:00:00|60|0.8|41.7035489082|1115
Harlem, New York, NYC, USA|Union Sq, NYC, USA|2013-06-15 00:00:00|60|0.8|70.7935180664|1022
Harlem, New York, NYC, USA|Union Sq, NYC, USA|2013-08-01 00:00:00|60|0.8|52.2967300415|1001
Harlem, New York, NYC, USA|Union Sq, NYC, USA|2013-10-15 00:00:00|60|0.8|52.4780678749|1092
Harlem, New York, NYC, USA|Union Sq, NYC, USA|2013-12-01 00:00:00|60|0.8|33.6475551128|934
Union Sq, NYC, USA|Times Sq, NYC, USA|2013-02-15 00:00:00|90|0.1|1.82821583748|122
Union Sq, NYC, USA|Times Sq, NYC, USA|2013-04-01 00:00:00|90|0.1|1.62559294701|157
Union Sq, NYC, USA|Times Sq, NYC, USA|2013-06-15 00:00:00|90|0.1|1.73280096054|138
Union Sq, NYC, USA|Times Sq, NYC, USA|2013-08-01 00:00:00|90|0.1|1.18824601173|130
Union Sq, NYC, USA|Times Sq, NYC, USA|2013-10-15 00:00:00|90|0.1|1.62200093269|109
Union Sq, NYC, USA|Times Sq, NYC, USA|2013-12-01 00:00:00|90|0.1|1.10914206505|103
Times Sq, NYC, USA|Union Sq, NYC, USA|2013-02-15 00:00:00|90|0.1|1.56938791275|137
Times Sq, NYC, USA|Union Sq, NYC, USA|2013-04-01 00:00:00|90|0.1|1.57700300217|166
Times Sq, NYC, USA|Union Sq, NYC, USA|2013-06-15 00:00:00|90|0.1|1.64776206017|156
Times Sq, NYC, USA|Union Sq, NYC, USA|2013-08-01 00:00:00|90|0.1|1.13643288612|128
Times Sq, NYC, USA|Union Sq, NYC, USA|2013-10-15 00:00:00|90|0.1|1.55403399467|120
Times Sq, NYC, USA|Union Sq, NYC, USA|2013-12-01 00:00:00|90|0.1|1.09717392921|115
Grand Central, NYC, USA|Times Sq, NYC, USA|2013-02-15 00:00:00|90|0.1|1.88259387016|732
Grand Central, NYC, USA|Times Sq, NYC, USA|2013-04-01 00:00:00|90|0.1|1.70187306404|797
Grand Central, NYC, USA|Times Sq, NYC, USA|2013-06-15 00:00:00|90|0.1|1.88551998138|697
Grand Central, NYC, USA|Times Sq, NYC, USA|2013-08-01 00:00:00|90|0.1|1.42274689674|689
Grand Central, NYC, USA|Times Sq, NYC, USA|2013-10-15 00:00:00|90|0.1|1.79474902153|651
Grand Central, NYC, USA|Times Sq, NYC, USA|2013-12-01 00:00:00|90|0.1|1.28602480888|658
Grand Central, NYC, USA|Union Sq, NYC, USA|2013-02-15 00:00:00|90|0.1|1.34656095505|219
Grand Central, NYC, USA|Union Sq, NYC, USA|2013-04-01 00:00:00|90|0.1|1.24342894554|224
Grand Central, NYC, USA|Union Sq, NYC, USA|2013-06-15 00:00:00|90|0.1|1.34461784363|196
Grand Central, NYC, USA|Union Sq, NYC, USA|2013-08-01 00:00:00|90|0.1|0.972900867462|206
Grand Central, NYC, USA|Union Sq, NYC, USA|2013-10-15 00:00:00|90|0.1|1.2635910511|188
Grand Central, NYC, USA|Union Sq, NYC, USA|2013-12-01 00:00:00|90|0.1|0.972187995911|198
Union Sq, NYC, USA|Grand Central, NYC, USA|2013-02-15 00:00:00|90|0.1|1.49447798729|106
Union Sq, NYC, USA|Grand Central, NYC, USA|2013-04-01 00:00:00|90|0.1|1.51107692719|133
Union Sq, NYC, USA|Grand Central, NYC, USA|2013-06-15 00:00:00|90|0.1|1.60244107246|130
Union Sq, NYC, USA|Grand Central, NYC, USA|2013-08-01 00:00:00|90|0.1|1.12499594688|117
Union Sq, NYC, USA|Grand Central, NYC, USA|2013-10-15 00:00:00|90|0.1|1.48858594894|101
Union Sq, NYC, USA|Grand Central, NYC, USA|2013-12-01 00:00:00|90|0.1|1.09388017654|86
Times Sq, NYC, USA|Grand Central, NYC, USA|2013-02-15 00:00:00|90|0.1|1.95275092125|587
Times Sq, NYC, USA|Grand Central, NYC, USA|2013-04-01 00:00:00|90|0.1|1.8402299881|606
Times Sq, NYC, USA|Grand Central, NYC, USA|2013-06-15 00:00:00|90|0.1|2.04054498672|570
Times Sq, NYC, USA|Grand Central, NYC, USA|2013-08-01 00:00:00|90|0.1|1.50018501282|617
Times Sq, NYC, USA|Grand Central, NYC, USA|2013-10-15 00:00:00|90|0.1|1.89385604858|540
Times Sq, NYC, USA|Grand Central, NYC, USA|2013-12-01 00:00:00|90|0.1|1.4298210144|518
Grand Central, NYC, USA|Columbia University, NYC, USA|2013-02-15 00:00:00|90|0.1|0.995675802231|1
Grand Central, NYC, USA|Columbia University, NYC, USA|2013-04-01 00:00:00|90|0.1|1.03849887848|1
Grand Central, NYC, USA|Columbia University, NYC, USA|2013-06-15 00:00:00|90|0.1|1.06415700912|2
Grand Central, NYC, USA|Columbia University, NYC, USA|2013-08-01 00:00:00|90|0.1|0.742270946503|1
Grand Central, NYC, USA|Columbia University, NYC, USA|2013-10-15 00:00:00|90|0.1|0.997413873672|1
Grand Central, NYC, USA|Columbia University, NYC, USA|2013-12-01 00:00:00|90|0.1|0.763463020325|3
Columbia University, NYC, USA|Grand Central, NYC, USA|2013-02-15 00:00:00|90|0.1|0.94539308548|0
Columbia University, NYC, USA|Grand Central, NYC, USA|2013-04-01 00:00:00|90|0.1|0.940229892731|0
Columbia University, NYC, USA|Grand Central, NYC, USA|2013-06-15 00:00:00|90|0.1|1.37589097023|1
Columbia University, NYC, USA|Grand Central, NYC, USA|2013-08-01 00:00:00|90|0.1|0.674489974976|0
Columbia University, NYC, USA|Grand Central, NYC, USA|2013-10-15 00:00:00|90|0.1|0.914929151535|0
Columbia University, NYC, USA|Grand Central, NYC, USA|2013-12-01 00:00:00|90|0.1|0.663484096527|0
Union Sq, NYC, USA|11 Wall street, NYC, USA|2013-02-15 00:00:00|90|0.1|1.38302183151|21
Union Sq, NYC, USA|11 Wall street, NYC, USA|2013-04-01 00:00:00|90|0.1|1.3734588623|23
Union Sq, NYC, USA|11 Wall street, NYC, USA|2013-06-15 00:00:00|90|0.1|1.38664793968|23
Union Sq, NYC, USA|11 Wall street, NYC, USA|2013-08-01 00:00:00|90|0.1|1.06943798065|24
Union Sq, NYC, USA|11 Wall street, NYC, USA|2013-10-15 00:00:00|90|0.1|1.33368587494|21
Union Sq, NYC, USA|11 Wall street, NYC, USA|2013-12-01 00:00:00|90|0.1|1.04462790489|24
Times Sq, NYC, USA|11 Wall street, NYC, USA|2013-02-15 00:00:00|90|0.1|1.41219615936|22
Times Sq, NYC, USA|11 Wall street, NYC, USA|2013-04-01 00:00:00|90|0.1|1.42808890343|32
Times Sq, NYC, USA|11 Wall street, NYC, USA|2013-06-15 00:00:00|90|0.1|1.41630911827|36
Times Sq, NYC, USA|11 Wall street, NYC, USA|2013-08-01 00:00:00|90|0.1|1.00492596626|36
Times Sq, NYC, USA|11 Wall street, NYC, USA|2013-10-15 00:00:00|90|0.1|1.29955005646|33
Times Sq, NYC, USA|11 Wall street, NYC, USA|2013-12-01 00:00:00|90|0.1|0.99362206459|28
Metropolitan Museum, 5th Avenue, New York, NYC, USA|Union Sq, NYC, USA|2013-02-15 00:00:00|90|0.1|0.696429014206|15
Metropolitan Museum, 5th Avenue, New York, NYC, USA|Union Sq, NYC, USA|2013-04-01 00:00:00|90|0.1|0.619779109955|13
Metropolitan Museum, 5th Avenue, New York, NYC, USA|Union Sq, NYC, USA|2013-06-15 00:00:00|90|0.1|0.675872087479|16
Metropolitan Museum, 5th Avenue, New York, NYC, USA|Union Sq, NYC, USA|2013-08-01 00:00:00|90|0.1|0.459394931793|16
Metropolitan Museum, 5th Avenue, New York, NYC, USA|Union Sq, NYC, USA|2013-10-15 00:00:00|90|0.1|0.61950802803|24
Metropolitan Museum, 5th Avenue, New York, NYC, USA|Union Sq, NYC, USA|2013-12-01 00:00:00|90|0.1|0.463428974152|18
Union Sq, NYC, USA|Metropolitan Museum, 5th Avenue, New York, NYC, USA|2013-02-15 00:00:00|90|0.1|1.31681084633|3
Union Sq, NYC, USA|Metropolitan Museum, 5th Avenue, New York, NYC, USA|2013-04-01 00:00:00|90|0.1|1.35065603256|3
Union Sq, NYC, USA|Metropolitan Museum, 5th Avenue, New York, NYC, USA|2013-06-15 00:00:00|90|0.1|1.34014415741|4
Union Sq, NYC, USA|Metropolitan Museum, 5th Avenue, New York, NYC, USA|2013-08-01 00:00:00|90|0.1|0.956233978271|1
Union Sq, NYC, USA|Metropolitan Museum, 5th Avenue, New York, NYC, USA|2013-10-15 00:00:00|90|0.1|1.27151703835|6
Union Sq, NYC, USA|Metropolitan Museum, 5th Avenue, New York, NYC, USA|2013-12-01 00:00:00|90|0.1|0.996457099915|7
Union Sq, NYC, USA|Harlem, New York, NYC, USA|2013-02-15 00:00:00|90|0.1|1.30366802216|1
Union Sq, NYC, USA|Harlem, New York, NYC, USA|2013-04-01 00:00:00|90|0.1|1.34261322021|0
Union Sq, NYC, USA|Harlem, New York, NYC, USA|2013-06-15 00:00:00|90|0.1|1.38126206398|2
Union Sq, NYC, USA|Harlem, New York, NYC, USA|2013-08-01 00:00:00|90|0.1|0.972539186478|2
Union Sq, NYC, USA|Harlem, New York, NYC, USA|2013-10-15 00:00:00|90|0.1|1.255464077|0
Union Sq, NYC, USA|Harlem, New York, NYC, USA|2013-12-01 00:00:00|90|0.1|0.978971004486|0
Harlem, New York, NYC, USA|Union Sq, NYC, USA|2013-02-15 00:00:00|90|0.1|0.471927881241|0
Harlem, New York, NYC, USA|Union Sq, NYC, USA|2013-04-01 00:00:00|90|0.1|0.431272983551|0
Harlem, New York, NYC, USA|Union Sq, NYC, USA|2013-06-15 00:00:00|90|0.1|0.461894989014|0
Harlem, New York, NYC, USA|Union Sq, NYC, USA|2013-08-01 00:00:00|90|0.1|0.316547870636|0
Harlem, New York, NYC, USA|Union Sq, NYC, USA|2013-10-15 00:00:00|90|0.1|0.514737129211|0
Harlem, New York, NYC, USA|Union Sq, NYC, USA|2013-12-01 00:00:00|90|0.1|0.308875083923|0
Union Sq, NYC, USA|Times Sq, NYC, USA|2013-02-15 00:00:00|90|0.3|68.051281929|7008
